{"stats":{"minecraft:mined":{"minecraft:deepslate_redstone_ore":13,"minecraft:white_bed":1,"minecraft:deepslate_diamond_ore":1,"minecraft:smoker":2,"minecraft:crafting_table":1,"minecraft:grass_block":11,"minecraft:melon":1,"minecraft:tall_grass":1,"minecraft:deepslate_gold_ore":21,"minecraft:sugar_cane":22,"minecraft:hay_block":45,"minecraft:redstone_ore":1,"minecraft:iron_ore":8,"minecraft:andesite":16,"minecraft:birch_leaves":1,"minecraft:grass":30,"minecraft:oak_log":22,"minecraft:coal_ore":31,"minecraft:deepslate_iron_ore":14,"minecraft:gravel":1,"minecraft:dirt":10,"minecraft:stone":88,"minecraft:oak_leaves":33,"minecraft:deepslate":35},"minecraft:crafted":{"minecraft:oak_planks":40,"minecraft:crafting_table":1,"minecraft:wooden_pickaxe":1,"minecraft:bread":21,"minecraft:air":0,"minecraft:iron_boots":1,"minecraft:iron_chestplate":1,"minecraft:iron_ingot":22,"minecraft:stone_pickaxe":1,"minecraft:stone_sword":1,"minecraft:chest":1,"minecraft:wheat":108},"minecraft:picked_up":{"minecraft:crafting_table":1,"minecraft:azure_bluet":3,"minecraft:andesite":16,"minecraft:smoker":2,"minecraft:oak_log":22,"minecraft:dirt":21,"minecraft:bone":4,"minecraft:bow":1,"minecraft:wheat_seeds":12,"minecraft:cobbled_deepslate":33,"minecraft:raw_gold":21,"minecraft:melon_slice":4,"minecraft:sugar_cane":41,"minecraft:stick":5,"minecraft:raw_iron":22,"minecraft:dandelion":3,"minecraft:gravel":1,"minecraft:white_bed":1,"minecraft:redstone":63,"minecraft:arrow":6,"minecraft:rotten_flesh":5,"minecraft:diamond":1,"minecraft:hay_block":45,"minecraft:oak_sapling":5,"minecraft:coal":31,"minecraft:cobblestone":88},"minecraft:used":{"minecraft:stone_sword":46,"minecraft:stone_pickaxe":106,"minecraft:chest":1,"minecraft:wooden_pickaxe":4,"minecraft:sugar_cane":41,"minecraft:dirt":10,"minecraft:crafting_table":1,"minecraft:azure_bluet":3,"minecraft:smoker":1,"minecraft:bread":14,"minecraft:melon_slice":2,"minecraft:iron_pickaxe":124,"minecraft:gravel":1,"minecraft:cobblestone":16,"minecraft:cobbled_deepslate":33,"minecraft:dandelion":1},"minecraft:custom":{"minecraft:interact_with_furnace":6,"minecraft:mob_kills":12,"minecraft:interact_with_crafting_table":10,"minecraft:leave_game":3,"minecraft:time_since_death":164552,"minecraft:sleep_in_bed":3,"minecraft:climb_one_cm":1873,"minecraft:time_since_rest":7044,"minecraft:sprint_one_cm":220669,"minecraft:damage_taken":370,"minecraft:walk_one_cm":63079,"minecraft:damage_dealt":2086,"minecraft:swim_one_cm":15174,"minecraft:talked_to_villager":1,"minecraft:fly_one_cm":241306,"minecraft:open_chest":19,"minecraft:crouch_one_cm":18578,"minecraft:play_time":164552,"minecraft:sneak_time":6713,"minecraft:walk_under_water_one_cm":792,"minecraft:jump":1277,"minecraft:walk_on_water_one_cm":3682,"minecraft:total_world_time":164552,"minecraft:fall_one_cm":26493},"minecraft:killed":{"minecraft:skeleton":5,"minecraft:zombie":6}},"DataVersion":3120}