{"stats":{"minecraft:mined":{"minecraft:diamond_ore":2,"minecraft:tuff":11,"minecraft:white_bed":1,"minecraft:cobblestone_stairs":2,"minecraft:granite":83,"minecraft:grass_block":163,"minecraft:oak_wall_sign":16,"minecraft:redstone_ore":1,"minecraft:furnace":9,"minecraft:iron_ore":37,"minecraft:cobbled_deepslate":12,"minecraft:andesite":28,"minecraft:deepslate_lapis_ore":1,"minecraft:azure_bluet":3,"minecraft:oak_sign":3,"minecraft:deepslate_iron_ore":74,"minecraft:stone":795,"minecraft:deepslate_redstone_ore":31,"minecraft:melon_stem":10,"minecraft:dandelion":3,"minecraft:crafting_table":12,"minecraft:clay":29,"minecraft:torch":18,"minecraft:melon":17,"minecraft:chest":4,"minecraft:copper_ore":13,"minecraft:tall_grass":36,"minecraft:cobblestone":20,"minecraft:deepslate_gold_ore":41,"minecraft:lapis_ore":8,"minecraft:sugar_cane":59,"minecraft:oak_planks":1,"minecraft:diorite":47,"minecraft:wall_torch":21,"minecraft:seagrass":1,"minecraft:birch_log":44,"minecraft:wheat":2,"minecraft:grass":349,"minecraft:coal_ore":45,"minecraft:oak_log":150,"minecraft:gravel":13,"minecraft:sand":109,"minecraft:dirt":47,"minecraft:gold_ore":4,"minecraft:oak_leaves":36,"minecraft:deepslate":117},"minecraft:crafted":{"minecraft:oak_planks":564,"minecraft:stone_shovel":3,"minecraft:oak_sign":15,"minecraft:furnace":2,"minecraft:cobblestone_stairs":80,"minecraft:white_carpet":3,"minecraft:cooked_mutton":7,"minecraft:iron_boots":1,"minecraft:iron_axe":1,"minecraft:ladder":12,"minecraft:melon_seeds":10,"minecraft:stone_pickaxe":5,"minecraft:chest":17,"minecraft:stone_hoe":1,"minecraft:oak_fence":18,"minecraft:crafting_table":2,"minecraft:wooden_pickaxe":1,"minecraft:birch_planks":32,"minecraft:stone_axe":1,"minecraft:air":0,"minecraft:iron_chestplate":1,"minecraft:charcoal":42,"minecraft:shield":1,"minecraft:stick":96,"minecraft:iron_ingot":35,"minecraft:iron_pickaxe":4,"minecraft:wooden_axe":1,"minecraft:iron_leggings":1,"minecraft:white_bed":1,"minecraft:torch":196},"minecraft:picked_up":{"minecraft:crafting_table":12,"minecraft:azure_bluet":4,"minecraft:clay_ball":116,"minecraft:raw_copper":44,"minecraft:oak_sign":19,"minecraft:cobbled_deepslate":139,"minecraft:melon_slice":89,"minecraft:sugar_cane":111,"minecraft:chest":4,"minecraft:birch_sapling":12,"minecraft:egg":5,"minecraft:furnace":9,"minecraft:raw_iron":111,"minecraft:stick":33,"minecraft:torch":45,"minecraft:diorite":85,"minecraft:redstone":139,"minecraft:arrow":5,"minecraft:rotten_flesh":11,"minecraft:mutton":7,"minecraft:white_wool":5,"minecraft:cobblestone":805,"minecraft:birch_log":44,"minecraft:andesite":28,"minecraft:flint":1,"minecraft:tuff":11,"minecraft:oak_log":150,"minecraft:cobblestone_stairs":2,"minecraft:lapis_lazuli":50,"minecraft:dirt":208,"minecraft:bone":4,"minecraft:apple":6,"minecraft:wheat_seeds":45,"minecraft:raw_gold":45,"minecraft:oak_planks":1,"minecraft:dandelion":1,"minecraft:gravel":48,"minecraft:sand":106,"minecraft:ink_sac":3,"minecraft:white_bed":1,"minecraft:diamond":2,"minecraft:granite":156,"minecraft:oak_sapling":29,"minecraft:melon_seeds":12,"minecraft:coal":45},"minecraft:custom":{"minecraft:mob_kills":19,"minecraft:animals_bred":1,"minecraft:interact_with_crafting_table":42,"minecraft:leave_game":8,"minecraft:time_since_death":261687,"minecraft:climb_one_cm":9388,"minecraft:sprint_one_cm":211481,"minecraft:walk_one_cm":934025,"minecraft:damage_blocked_by_shield":1370,"minecraft:drop":6,"minecraft:play_time":261687,"minecraft:sneak_time":8048,"minecraft:walk_under_water_one_cm":53590,"minecraft:jump":2259,"minecraft:walk_on_water_one_cm":48914,"minecraft:total_world_time":261687,"minecraft:interact_with_furnace":27,"minecraft:sleep_in_bed":10,"minecraft:time_since_rest":21807,"minecraft:damage_taken":848,"minecraft:damage_dealt":3063,"minecraft:swim_one_cm":51594,"minecraft:fly_one_cm":221194,"minecraft:open_chest":150,"minecraft:crouch_one_cm":28243,"minecraft:fall_one_cm":25104},"minecraft:used":{"minecraft:oak_fence":17,"minecraft:stone_shovel":278,"minecraft:ladder":12,"minecraft:oak_sign":34,"minecraft:chest":21,"minecraft:shield":68,"minecraft:stone_hoe":33,"minecraft:torch":240,"minecraft:dirt":49,"minecraft:white_carpet":1,"minecraft:azure_bluet":1,"minecraft:tuff":1,"minecraft:granite":1,"minecraft:wooden_axe":57,"minecraft:iron_axe":103,"minecraft:melon_seeds":10,"minecraft:furnace":11,"minecraft:cobbled_deepslate":40,"minecraft:wheat_seeds":35,"minecraft:cooked_mutton":7,"minecraft:cobblestone_stairs":59,"minecraft:stone_pickaxe":672,"minecraft:oak_planks":315,"minecraft:wooden_pickaxe":60,"minecraft:sugar_cane":65,"minecraft:sand":104,"minecraft:crafting_table":13,"minecraft:white_bed":2,"minecraft:oak_log":3,"minecraft:apple":6,"minecraft:melon_slice":31,"minecraft:iron_pickaxe":695,"minecraft:gravel":23,"minecraft:stone_axe":124,"minecraft:cobblestone":100,"minecraft:andesite":18},"minecraft:broken":{"minecraft:wooden_pickaxe":1,"minecraft:stone_pickaxe":5,"minecraft:stone_axe":1,"minecraft:iron_pickaxe":2,"minecraft:wooden_axe":1,"minecraft:stone_shovel":2},"minecraft:killed":{"minecraft:skeleton":4,"minecraft:squid":2,"minecraft:sheep":5,"minecraft:zombie":8},"minecraft:dropped":{"minecraft:wheat_seeds":7,"minecraft:dandelion":1,"minecraft:raw_copper":44,"minecraft:azure_bluet":3}},"DataVersion":3120}